ID,Letter,Section,Concern,Question,Target,Weight,Score_0_to_2,WeightedScore,MaxWeighted,Gap,Priority,Action,Owner,DueDate,Status,Evidence
1,A,Performance,Above-the-fold speed,"Does first visible product content render fast, and are first-row product images eager (not lazy)?","LCP <= 2.5s on mobile; first 4 product images eager/high-priority",5,,=IF(H2="""","""",H2*G2),=2*G2,=IF(H2="""","""",J2-I2),=IF(K2="""","""",IF(AND(G2>=4,K2>=4),""P0-Critical"",IF(AND(G2>=3,K2>=3),""P1-High"",IF(K2>=2,""P2-Medium"",""P3-Low"")))),,,Not Started,
2,B,UX Flow,Browsing flow,"Can a user go from products page open to first add-to-cart in <= 3 taps?","Core path <= 3 taps; primary actions always visible",3,,=IF(H3="""","""",H3*G3),=2*G3,=IF(H3="""","""",J3-I3),=IF(K3="""","""",IF(AND(G3>=4,K3>=4),""P0-Critical"",IF(AND(G3>=3,K3>=3),""P1-High"",IF(K3>=2,""P2-Medium"",""P3-Low"")))),,,Not Started,
3,C,Visual Design,Card clarity,"Do cards clearly show name, size/variant, price, and add CTA without noise?","Readable hierarchy; no critical info hidden or tiny",3,,=IF(H4="""","""",H4*G4),=2*G4,=IF(H4="""","""",J4-I4),=IF(K4="""","""",IF(AND(G4>=4,K4>=4),""P0-Critical"",IF(AND(G4>=3,K4>=3),""P1-High"",IF(K4>=2,""P2-Medium"",""P3-Low"")))),,,Not Started,
4,D,Performance,Data fetching efficiency,"Are stale product requests canceled on filter/search change and duplicate computation avoided?","Abort stale requests; no redundant server+client heavy sorting",5,,=IF(H5="""","""",H5*G5),=2*G5,=IF(H5="""","""",J5-I5),=IF(K5="""","""",IF(AND(G5>=4,K5>=4),""P0-Critical"",IF(AND(G5>=3,K5>=3),""P1-High"",IF(K5>=2,""P2-Medium"",""P3-Low"")))),,,Not Started,
5,E,Reliability,Error resilience,"Do loading/error states provide user-safe recovery (retry, preserve context)?","Retry available; graceful fallback; no dead-end states",3,,=IF(H6="""","""",H6*G6),=2*G6,=IF(H6="""","""",J6-I6),=IF(K6="""","""",IF(AND(G6>=4,K6>=4),""P0-Critical"",IF(AND(G6>=3,K6>=3),""P1-High"",IF(K6>=2,""P2-Medium"",""P3-Low"")))),,,Not Started,
6,F,UX Controls,Filters and sort,"Are filter/sort controls discoverable, quick, and non-blocking on mobile?","Controls reachable in 1 tap; no viewport crowding",4,,=IF(H7="""","""",H7*G7),=2*G7,=IF(H7="""","""",J7-I7),=IF(K7="""","""",IF(AND(G7>=4,K7>=4),""P0-Critical"",IF(AND(G7>=3,K7>=3),""P1-High"",IF(K7>=2,""P2-Medium"",""P3-Low"")))),,,Not Started,
7,G,Performance,Grid/list scalability,"Is true windowing virtualization used for large result sets?","Smooth scroll with large datasets; bounded DOM growth",5,,=IF(H8="""","""",H8*G8),=2*G8,=IF(H8="""","""",J8-I8),=IF(K8="""","""",IF(AND(G8>=4,K8>=4),""P0-Critical"",IF(AND(G8>=3,K8>=3),""P1-High"",IF(K8>=2,""P2-Medium"",""P3-Low"")))),,,Not Started,
8,H,UX Layout,Header overhead,"Is above-the-fold chrome minimal so products appear quickly?","Search + categories + products visible early",3,,=IF(H9="""","""",H9*G9),=2*G9,=IF(H9="""","""",J9-I9),=IF(K9="""","""",IF(AND(G9>=4,K9>=4),""P0-Critical"",IF(AND(G9>=3,K9>=3),""P1-High"",IF(K9>=2,""P2-Medium"",""P3-Low"")))),,,Not Started,
9,I,Loading,Image optimization,"Are product images optimized with responsive sizes, modern formats, and fixed dimensions?","No layout shifts; efficient byte size per viewport",4,,=IF(H10="""","""",H10*G10),=2*G10,=IF(H10="""","""",J10-I10),=IF(K10="""","""",IF(AND(G10>=4,K10>=4),""P0-Critical"",IF(AND(G10>=3,K10>=3),""P1-High"",IF(K10>=2,""P2-Medium"",""P3-Low"")))),,,Not Started,
10,J,Performance,Interaction latency,"Are typing/tapping/adding interactions consistently responsive?","INP <= 200ms on representative mobile",5,,=IF(H11="""","""",H11*G11),=2*G11,=IF(H11="""","""",J11-I11),=IF(K11="""","""",IF(AND(G11>=4,K11>=4),""P0-Critical"",IF(AND(G11>=3,K11>=3),""P1-High"",IF(K11>=2,""P2-Medium"",""P3-Low"")))),,,Not Started,
11,K,Accessibility,Keyboard and SR support,"Can users navigate and operate key controls via keyboard and screen reader labels?","Core tasks keyboard-accessible with meaningful labels",3,,=IF(H12="""","""",H12*G12),=2*G12,=IF(H12="""","""",J12-I12),=IF(K12="""","""",IF(AND(G12>=4,K12>=4),""P0-Critical"",IF(AND(G12>=3,K12>=3),""P1-High"",IF(K12>=2,""P2-Medium"",""P3-Low"")))),,,Not Started,
12,L,Loading,Loading states quality,"Are skeleton loaders used for product grids/cards instead of long blank/spinner-only waits?","Progressive loading with perceived responsiveness",4,,=IF(H13="""","""",H13*G13),=2*G13,=IF(H13="""","""",J13-I13),=IF(K13="""","""",IF(AND(G13>=4,K13>=4),""P0-Critical"",IF(AND(G13>=3,K13>=3),""P1-High"",IF(K13>=2,""P2-Medium"",""P3-Low"")))),,,Not Started,
13,M,Visual Design,Mobile readability,"Is smallest text readable without zoom and with clear hierarchy?","No critical text below practical legibility threshold",3,,=IF(H14="""","""",H14*G14),=2*G14,=IF(H14="""","""",J14-I14),=IF(K14="""","""",IF(AND(G14>=4,K14>=4),""P0-Critical"",IF(AND(G14>=3,K14>=3),""P1-High"",IF(K14>=2,""P2-Medium"",""P3-Low"")))),,,Not Started,
14,N,UX Behavior,Sticky behavior,"Do sticky controls avoid overlap/conflicts across breakpoints and scroll directions?","No obstructed content or flicker/overlap issues",3,,=IF(H15="""","""",H15*G15),=2*G15,=IF(H15="""","""",J15-I15),=IF(K15="""","""",IF(AND(G15>=4,K15>=4),""P0-Critical"",IF(AND(G15>=3,K15>=3),""P1-High"",IF(K15>=2,""P2-Medium"",""P3-Low"")))),,,Not Started,
15,O,Conversion,Offer communication,"Are MRP, discount %, and savings shown clearly where applicable?","Price framing improves scan and conversion confidence",3,,=IF(H16="""","""",H16*G16),=2*G16,=IF(H16="""","""",J16-I16),=IF(K16="""","""",IF(AND(G16>=4,K16>=4),""P0-Critical"",IF(AND(G16>=3,K16>=3),""P1-High"",IF(K16>=2,""P2-Medium"",""P3-Low"")))),,,Not Started,
16,P,Loading,Infinite loading quality,"Does infinite scroll preload early enough and provide robust fallback (load now/end state)?","No sudden stalls; explicit fallback control available",4,,=IF(H17="""","""",H17*G17),=2*G17,=IF(H17="""","""",J17-I17),=IF(K17="""","""",IF(AND(G17>=4,K17>=4),""P0-Critical"",IF(AND(G17>=3,K17>=3),""P1-High"",IF(K17>=2,""P2-Medium"",""P3-Low"")))),,,Not Started,
17,Q,Search Relevance,Query quality,"Does search handle common typos, aliases/synonyms, and relevant ranking?","High top-5 relevance on frequent shopper queries",3,,=IF(H18="""","""",H18*G18),=2*G18,=IF(H18="""","""",J18-I18),=IF(K18="""","""",IF(AND(G18>=4,K18>=4),""P0-Critical"",IF(AND(G18>=3,K18>=3),""P1-High"",IF(K18>=2,""P2-Medium"",""P3-Low"")))),,,Not Started,
18,R,Performance,Rerender containment,"Are heavy components memoized and callbacks stable to avoid unnecessary rerenders?","No avoidable full-grid rerenders on small state updates",4,,=IF(H19="""","""",H19*G19),=2*G19,=IF(H19="""","""",J19-I19),=IF(K19="""","""",IF(AND(G19>=4,K19>=4),""P0-Critical"",IF(AND(G19>=3,K19>=3),""P1-High"",IF(K19>=2,""P2-Medium"",""P3-Low"")))),,,Not Started,
19,S,Reliability,State consistency,"Are cart/filter/selection states consistent across reload, nav, and concurrent updates?","No state mismatch or stale write race cases",3,,=IF(H20="""","""",H20*G20),=2*G20,=IF(H20="""","""",J20-I20),=IF(K20="""","""",IF(AND(G20>=4,K20>=4),""P0-Critical"",IF(AND(G20>=3,K20>=3),""P1-High"",IF(K20>=2,""P2-Medium"",""P3-Low"")))),,,Not Started,
20,T,UX Touch,Touch ergonomics,"Are tap targets large enough and gestures reliable without accidental triggers?","Primary controls >= 44px target size",3,,=IF(H21="""","""",H21*G21),=2*G21,=IF(H21="""","""",J21-I21),=IF(K21="""","""",IF(AND(G21>=4,K21>=4),""P0-Critical"",IF(AND(G21>=3,K21>=3),""P1-High"",IF(K21>=2,""P2-Medium"",""P3-Low"")))),,,Not Started,
21,U,Reliability,URL shareability,"Do URL params preserve essential browse state for back/forward/share?","Category/sort/search/stock state fully restorable",2,,=IF(H22="""","""",H22*G22),=2*G22,=IF(H22="""","""",J22-I22),=IF(K22="""","""",IF(AND(G22>=4,K22>=4),""P0-Critical"",IF(AND(G22>=3,K22>=3),""P1-High"",IF(K22>=2,""P2-Medium"",""P3-Low"")))),,,Not Started,
22,V,Visual Design,Visual consistency,"Are typography, spacing, color, and CTA treatments consistent across all product sections?","Single coherent visual system; no conflicting styles",3,,=IF(H23="""","""",H23*G23),=2*G23,=IF(H23="""","""",J23-I23),=IF(K23="""","""",IF(AND(G23>=4,K23>=4),""P0-Critical"",IF(AND(G23>=3,K23>=3),""P1-High"",IF(K23>=2,""P2-Medium"",""P3-Low"")))),,,Not Started,
23,W,Performance Governance,Weight budgets,"Is products route bundle size budgeted and monitored over time?","Route-level JS/CSS budgets with CI guardrails",4,,=IF(H24="""","""",H24*G24),=2*G24,=IF(H24="""","""",J24-I24),=IF(K24="""","""",IF(AND(G24>=4,K24>=4),""P0-Critical"",IF(AND(G24>=3,K24>=3),""P1-High"",IF(K24>=2,""P2-Medium"",""P3-Low"")))),,,Not Started,
24,X,QA Coverage,Cross-device checks,"Is the page validated on target device/network matrix before release?","Android/iOS/desktop coverage + slow network profile",2,,=IF(H25="""","""",H25*G25),=2*G25,=IF(H25="""","""",J25-I25),=IF(K25="""","""",IF(AND(G25>=4,K25>=4),""P0-Critical"",IF(AND(G25>=3,K25>=3),""P1-High"",IF(K25>=2,""P2-Medium"",""P3-Low"")))),,,Not Started,
25,Y,Merchandising,Intent alignment,"Do reorder/restock/combos help conversion without pushing core browsing below fold?","Assistive modules present but not blocking discovery",2,,=IF(H26="""","""",H26*G26),=2*G26,=IF(H26="""","""",J26-I26),=IF(K26="""","""",IF(AND(G26>=4,K26>=4),""P0-Critical"",IF(AND(G26>=3,K26>=3),""P1-High"",IF(K26>=2,""P2-Medium"",""P3-Low"")))),,,Not Started,
26,Z,UX Reliability,Zero and edge states,"Are no-results/out-of-stock/new-user states actionable and clear?","Every edge state includes clear next action",2,,=IF(H27="""","""",H27*G27),=2*G27,=IF(H27="""","""",J27-I27),=IF(K27="""","""",IF(AND(G27>=4,K27>=4),""P0-Critical"",IF(AND(G27>=3,K27>=3),""P1-High"",IF(K27>=2,""P2-Medium"",""P3-Low"")))),,,Not Started,
SUMMARY,TOTALS,Summary,Overall weighted score,,,"",,=SUM(I2:I27),=SUM(J2:J27),=SUM(K2:K27),,,,,,
SUMMARY,SCORE_PERCENT,Summary,Weighted score percentage,,"Target >= 80%",,,"=IF(J28=0,"""",I28/J28)","",,"=IF(I29="""","""",IF(I29>=0.9,""Excellent"",IF(I29>=0.8,""Strong"",IF(I29>=0.65,""Needs Work"",""Critical""))))",,,,,
SUMMARY,P0_COUNT,Summary,Number of P0-Critical items,,,"",,,"",,"=COUNTIF(L2:L27,""P0-Critical"")",,,,,,
